{
  "hash": "1dfe9f9d",
  "configHash": "c2861daa",
  "lockfileHash": "ba8820ea",
  "browserHash": "67436ba8",
  "optimized": {
    "@angular/common": {
      "src": "../../../../../../node_modules/@angular/common/fesm2022/common.mjs",
      "file": "@angular_common.js",
      "fileHash": "1f952613",
      "needsInterop": false
    },
    "@angular/common/http": {
      "src": "../../../../../../node_modules/@angular/common/fesm2022/http.mjs",
      "file": "@angular_common_http.js",
      "fileHash": "e8efda5f",
      "needsInterop": false
    },
    "@angular/core": {
      "src": "../../../../../../node_modules/@angular/core/fesm2022/core.mjs",
      "file": "@angular_core.js",
      "fileHash": "def02ef5",
      "needsInterop": false
    },
    "@angular/forms": {
      "src": "../../../../../../node_modules/@angular/forms/fesm2022/forms.mjs",
      "file": "@angular_forms.js",
      "fileHash": "ddb87426",
      "needsInterop": false
    },
    "@angular/platform-browser": {
      "src": "../../../../../../node_modules/@angular/platform-browser/fesm2022/platform-browser.mjs",
      "file": "@angular_platform-browser.js",
      "fileHash": "5891ccee",
      "needsInterop": false
    },
    "@angular/router": {
      "src": "../../../../../../node_modules/@angular/router/fesm2022/router.mjs",
      "file": "@angular_router.js",
      "fileHash": "06056e86",
      "needsInterop": false
    },
    "@ng-select/ng-select": {
      "src": "../../../../../../node_modules/@ng-select/ng-select/fesm2022/ng-select-ng-select.mjs",
      "file": "@ng-select_ng-select.js",
      "fileHash": "0e17e159",
      "needsInterop": false
    },
    "bootstrap": {
      "src": "../../../../../../node_modules/bootstrap/dist/js/bootstrap.esm.js",
      "file": "bootstrap.js",
      "fileHash": "3e588329",
      "needsInterop": false
    },
    "file-saver": {
      "src": "../../../../../../node_modules/file-saver/dist/FileSaver.min.js",
      "file": "file-saver.js",
      "fileHash": "72fa98ef",
      "needsInterop": true
    },
    "pdfjs-dist/legacy/build/pdf": {
      "src": "../../../../../../node_modules/pdfjs-dist/legacy/build/pdf.mjs",
      "file": "pdfjs-dist_legacy_build_pdf.js",
      "fileHash": "33841991",
      "needsInterop": false
    },
    "rxjs": {
      "src": "../../../../../../node_modules/rxjs/dist/esm5/index.js",
      "file": "rxjs.js",
      "fileHash": "16c10acb",
      "needsInterop": false
    },
    "three": {
      "src": "../../../../../../node_modules/three/build/three.module.js",
      "file": "three.js",
      "fileHash": "0a79d588",
      "needsInterop": false
    },
    "three/examples/jsm/controls/OrbitControls.js": {
      "src": "../../../../../../node_modules/three/examples/jsm/controls/OrbitControls.js",
      "file": "three_examples_jsm_controls_OrbitControls__js.js",
      "fileHash": "455bc574",
      "needsInterop": false
    },
    "three/examples/jsm/geometries/TextGeometry.js": {
      "src": "../../../../../../node_modules/three/examples/jsm/geometries/TextGeometry.js",
      "file": "three_examples_jsm_geometries_TextGeometry__js.js",
      "fileHash": "b35f6065",
      "needsInterop": false
    },
    "three/examples/jsm/loaders/FontLoader.js": {
      "src": "../../../../../../node_modules/three/examples/jsm/loaders/FontLoader.js",
      "file": "three_examples_jsm_loaders_FontLoader__js.js",
      "fileHash": "b40b83ff",
      "needsInterop": false
    }
  },
  "chunks": {
    "chunk-AMIYH3AO": {
      "file": "chunk-AMIYH3AO.js"
    },
    "chunk-4UNHBEZF": {
      "file": "chunk-4UNHBEZF.js"
    },
    "chunk-SH2EVFMQ": {
      "file": "chunk-SH2EVFMQ.js"
    },
    "chunk-VB4EOSNM": {
      "file": "chunk-VB4EOSNM.js"
    },
    "chunk-RN5UJZZJ": {
      "file": "chunk-RN5UJZZJ.js"
    },
    "chunk-VMIS2LJX": {
      "file": "chunk-VMIS2LJX.js"
    },
    "chunk-ZSY7TSMJ": {
      "file": "chunk-ZSY7TSMJ.js"
    },
    "chunk-DZ7BV6I4": {
      "file": "chunk-DZ7BV6I4.js"
    }
  }
}