{
  "hash": "d8cf1a22",
  "configHash": "d72c1cad",
  "lockfileHash": "ba8820ea",
  "browserHash": "671fcefc",
  "optimized": {
    "@angular/common": {
      "src": "../../../../../../node_modules/@angular/common/fesm2022/common.mjs",
      "file": "@angular_common.js",
      "fileHash": "5b4946c1",
      "needsInterop": false
    },
    "@angular/common/http": {
      "src": "../../../../../../node_modules/@angular/common/fesm2022/http.mjs",
      "file": "@angular_common_http.js",
      "fileHash": "a790bc9d",
      "needsInterop": false
    },
    "@angular/core": {
      "src": "../../../../../../node_modules/@angular/core/fesm2022/core.mjs",
      "file": "@angular_core.js",
      "fileHash": "b6684046",
      "needsInterop": false
    },
    "@angular/forms": {
      "src": "../../../../../../node_modules/@angular/forms/fesm2022/forms.mjs",
      "file": "@angular_forms.js",
      "fileHash": "7fd6b40d",
      "needsInterop": false
    },
    "@angular/platform-browser": {
      "src": "../../../../../../node_modules/@angular/platform-browser/fesm2022/platform-browser.mjs",
      "file": "@angular_platform-browser.js",
      "fileHash": "5594753b",
      "needsInterop": false
    },
    "@angular/platform-server": {
      "src": "../../../../../../node_modules/@angular/platform-server/fesm2022/platform-server.mjs",
      "file": "@angular_platform-server.js",
      "fileHash": "c6914e21",
      "needsInterop": false
    },
    "@angular/router": {
      "src": "../../../../../../node_modules/@angular/router/fesm2022/router.mjs",
      "file": "@angular_router.js",
      "fileHash": "baa3c725",
      "needsInterop": false
    },
    "@angular/ssr": {
      "src": "../../../../../../node_modules/@angular/ssr/fesm2022/ssr.mjs",
      "file": "@angular_ssr.js",
      "fileHash": "ce343115",
      "needsInterop": false
    },
    "@angular/ssr/node": {
      "src": "../../../../../../node_modules/@angular/ssr/fesm2022/node.mjs",
      "file": "@angular_ssr_node.js",
      "fileHash": "b101ad2f",
      "needsInterop": false
    },
    "@ng-select/ng-select": {
      "src": "../../../../../../node_modules/@ng-select/ng-select/fesm2022/ng-select-ng-select.mjs",
      "file": "@ng-select_ng-select.js",
      "fileHash": "fd23637a",
      "needsInterop": false
    },
    "bootstrap": {
      "src": "../../../../../../node_modules/bootstrap/dist/js/bootstrap.esm.js",
      "file": "bootstrap.js",
      "fileHash": "7c6a8228",
      "needsInterop": false
    },
    "express": {
      "src": "../../../../../../node_modules/express/index.js",
      "file": "express.js",
      "fileHash": "92eea0b9",
      "needsInterop": true
    },
    "file-saver": {
      "src": "../../../../../../node_modules/file-saver/dist/FileSaver.min.js",
      "file": "file-saver.js",
      "fileHash": "75290f8f",
      "needsInterop": true
    },
    "pdfjs-dist/legacy/build/pdf": {
      "src": "../../../../../../node_modules/pdfjs-dist/legacy/build/pdf.mjs",
      "file": "pdfjs-dist_legacy_build_pdf.js",
      "fileHash": "9bcfe277",
      "needsInterop": false
    },
    "rxjs": {
      "src": "../../../../../../node_modules/rxjs/dist/cjs/index.js",
      "file": "rxjs.js",
      "fileHash": "acc1efb9",
      "needsInterop": true
    },
    "three": {
      "src": "../../../../../../node_modules/three/build/three.module.js",
      "file": "three.js",
      "fileHash": "414e2e5e",
      "needsInterop": false
    },
    "three/examples/jsm/controls/OrbitControls.js": {
      "src": "../../../../../../node_modules/three/examples/jsm/controls/OrbitControls.js",
      "file": "three_examples_jsm_controls_OrbitControls__js.js",
      "fileHash": "6d030f4f",
      "needsInterop": false
    },
    "three/examples/jsm/geometries/TextGeometry.js": {
      "src": "../../../../../../node_modules/three/examples/jsm/geometries/TextGeometry.js",
      "file": "three_examples_jsm_geometries_TextGeometry__js.js",
      "fileHash": "0cf1cbcd",
      "needsInterop": false
    },
    "three/examples/jsm/loaders/FontLoader.js": {
      "src": "../../../../../../node_modules/three/examples/jsm/loaders/FontLoader.js",
      "file": "three_examples_jsm_loaders_FontLoader__js.js",
      "fileHash": "8f1404a3",
      "needsInterop": false
    }
  },
  "chunks": {
    "xhr2-HQX5CY5B": {
      "file": "xhr2-HQX5CY5B.js"
    },
    "chunk-HJBYBVSP": {
      "file": "chunk-HJBYBVSP.js"
    },
    "chunk-F3CDDWV3": {
      "file": "chunk-F3CDDWV3.js"
    },
    "chunk-6RSY5WO7": {
      "file": "chunk-6RSY5WO7.js"
    },
    "chunk-PNLSB6IJ": {
      "file": "chunk-PNLSB6IJ.js"
    },
    "chunk-3ITFQUBI": {
      "file": "chunk-3ITFQUBI.js"
    },
    "chunk-4JHMHJ7I": {
      "file": "chunk-4JHMHJ7I.js"
    },
    "chunk-XYNOZNJB": {
      "file": "chunk-XYNOZNJB.js"
    },
    "chunk-NIU4ZWK3": {
      "file": "chunk-NIU4ZWK3.js"
    },
    "chunk-YVWCZT7M": {
      "file": "chunk-YVWCZT7M.js"
    },
    "chunk-3AYOO7D2": {
      "file": "chunk-3AYOO7D2.js"
    },
    "chunk-ANGF2IQY": {
      "file": "chunk-ANGF2IQY.js"
    }
  }
}